sequence,gene,RPM,threep.end,seed.start,energy,structure,conservation,Chrom,start,end
cacagctaggaacgaagaagaggagcatgttatcaatg,FBgn0036111,4413,7,4,-17.3999996185303,.((((((((...((((((.&)))))).....)))))))).,1.17275675675676,3,10895055,10895092
ctaaagctagagaaacccaagaaaacaaaacaaaaagta,FBgn0051140,25,8,7,-16.1000003814697,(((.((((((....(((.((((.&)))).)))...)))))).))).,2.74918421052632,4,23982630,23982668
ctacagcaaaaattcctaaagatgtacttatttataaa,FBgn0031894,134,7,8,-16.2000007629395,(((((((........(((((((.&))))))).......))))))).,0.820305555555556,1,7185517,7185554
ctacagcagataaacaacaaagagcagcagcagcaaag,FBgn0259243,1260,7,9,-15.6999998092651,(((((((((........((((((.&)))))).....)).))))))).,1.75797297297297,3,20834110,20834147
ctacagcagcccaccatatataaaggacactcagtaac,FBgn0037698,28,7,6,-15.8000001907349,(((((((((...((((.&.))))...)).))))))).,2.372,4,9464564,9464601
ctacagcatggccaaggagtacctgttcgacaaggcgc,FBgn0037890,372,7,4,-19.7000007629395,(((((((..(((((((((.&))))))))...)..))))))).,7.75177142857143,4,11242834,11242871
ctacagctcggccgagtccacacccaagcacggatcta,FBgn0015589,4193,7,15,-16.7999992370605,((((((((.(((((((.&.))))))...).)))))))).,4.74121621621622,4,28834551,28834588
ctagagctaatttcacacaaagaggcaaacgaattacca,FBgn0030833,189,8,8,-16,(((.(((((.....((.((((((.&))))))))....))))).))).,0.208052631578947,5,17241691,17241729
ctcagctagcagcaaagtcaagttaaaactcaaacaaa,FBgn0037636,19305,7,4,-15.8999996185303,(((((((((.(.(((((.&.))))).)...))))))).)).,1.70402777777778,4,8813733,8813770
ctgcagctaaaacaaaccaaaaacactggaaaacgtaaa,FBgn0037238,35,8,8,-18.3999996185303,(((((((((......((((((.&.))))))....))))))))).,1.29,4,4366057,4366095
ctgcagctacggctaaagaacaccgaggcagctaacacc,FBgn0031077,383,8,4,-21.2000007629395,(((((((((..((((((((.&))))))))....))))))))).,-0.126928571428571,5,19861189,19861289
ctgcagctatggccgacagcaacaaagtgcatggcgatg,FBgn0020257,963,8,13,-17.7000007629395,(((((((((..(((((.&.)))))....))))))))).,3.31475675675676,2,22686202,22686240
taacagctaggaaaaccataaaactaaagctaatgaaca,FBgn0026206,4377,8,15,-16.2000007629395,.((((((((....((((.&.))))...)))))))).,1.86697368421053,5,9179298,9179336
tacagctacagcagcccaccatatataaaggacactca,FBgn0037698,28,7,11,-16,.(((((((((...((((.&.))))...)).))))))).,2.44941666666667,4,9464569,9464606
tatacaactatagcaagcaaccaaaaactcgaaacgttta,FBgn0034046,1369,9,11,-15.8000001907349,.(((((((.((..((((((.&.))))))...)).))))))).,1.55089743589744,2,15854599,15854638
tatacagctttattttccaaagcaatttttaagtaaatg,FBgn0031717,257,8,8,-16.2999992370605,.(((((((.......((((((.&.))))))......))))))).,0.837157894736842,1,5549083,5549121
tcaagctaccttgcttagtaatccaaagatcaaaatag,FBgn0259108,151,7,15,-15.6999998092651,.((((...((.(((....(((((((.&)))))))....))))).)))).,3.2852,5,1449527,1449564
tcacagcgacaagcagccaaaggagcaaggaaacaatgc,FBgn0265814,134,8,8,-15.8000001907349,.(((((........((((((((.&))))))))......))))).,1.48334210526316,1,1622542,1622580
tccagctaaccagagacagagtctcaatcttaatcaat,FBgn0031489,1356,7,2,-17.2999992370605,.((((((((((((((.&))))))))....)))))).,0.189027027027027,1,3016654,3016691
tcgcagctaaaaagcacagagaaagtccaatgatccaaa,FBgn0030018,1167,8,5,-16.7999992370605,.(((((((....((.((((((.&))))))))....))))))).,0.623973684210526,5,8170292,8170330
tcgcagctagctaaaggaaactatagagaatacatatgc,FBgn0037734,473,8,12,-17,.(((((((((((((((.&)))))))....)))))))).,2.55868421052632,4,9706567,9706605
tctaagctagaccgaagattgtgtaataatttgataaga,FBgn0037614,1029,8,3,-19.2999992370605,((((((((((((((((((.&))))))))...)))))).)))),1.33715789473684,4,8720972,8721010
tctacacctagaaccaaaacagacaacacagcaagaggtg,FBgn0021750,356,9,4,-16.7000007629395,((((((.((((.((((((.&.))))))...)))).)))))),0.762717948717949,4,15342574,15342613
tctacagcgcacggaagccaaacacaacaaccgcaaac,FBgn0041188,3379,7,10,-17.1000003814697,((((((((........((((((.&.))))))......)))))))),2.15572972972973,4,15416013,15416050
tctacagctaaatatgccaaaaaataagattatggatagt,FBgn0264001,70,9,7,-20.2000007629395,((((((((((.....((((((.&.))))))....)))))))))),2.79992307692308,3,13535869,13535908
tctacagctaacctaaccatagctcaagctcaactccata,FBgn0036008,402,9,7,-18.7000007629395,((((((((((.....((((.((.&.)).))))....)))))))))),2.22587179487179,3,9507215,9507254
tctacagctaatcgcaccaaagatacttcgatttagatgc,FBgn0035144,3360,9,7,-24,((((((((((.....((((((((.&))))))))....)))))))))),1.616625,3,582969,583008
tctacagcttaagttgtaccactaaaaagactaaattat,FBgn0037963,365,8,13,-16,(((((((((..((....((((.....((((.&))))))))...))))))))))),2.71139473684211,4,11893736,11893774
tctaccgcagatagccagagaacaaagaaagtactcgta,FBgn0263492,31,8,6,-18.6000003814697,(((((.((((...((((((((.&))))))))...)).)).))))),1.16997297297297,3,9379775,9379813
tctacgagccagagaatccaaccgaagaacctgaagaaccc,FBgn0037344,4183,10,11,-15.6999998092651,(((((.(((.((........((((((((.&))))))))...)).)))))))),2.961375,4,5584508,5584548
tctacggcgtagaccaaacgggctcctgctttcgcacaaaa,FBgn0021761,2352,10,3,-17.8999996185303,((((((((.(((((((((.&.))))))...))))))))))),NA,1,11010728,11010768
tctcagccaaggcggccaaggagatgtacgagcgggcca,FBgn0032363,2971,8,7,-16.7000007629395,(((((((..((...((((((((.&))))))))...)).)))).))),9.81106666666667,1,11509503,11509541
tctccagctagttttaaaccaagagacgaacatttggaaa,FBgn0266227,13,9,8,-17.1000003814697,(((.(((((((......(((.(((((.&))))))))...))))))).))),0.374820512820513,4,4375247,4375286
tctccagctgtggcatcaaagggtcatataatctaaaag,FBgn0036451,2661,8,7,-16.3999996185303,(((.((((((....((((((((.&))))))))....)))))).))),2.18163157894737,3,14799259,14799297
tctgcagcaggcactcactaaagccaaggaagcgcaaaa,FBgn0039600,2729,8,15,-19,((((((((((............((((((((.&))))))))...)).)))))))),7.69286486486487,4,28816754,28816792
tctgcagctgcagcaaagataatctatttaagagtaaag,FBgn0005616,1589,8,4,-18.7999992370605,((((((((((.(.((((((.&)))))).)....)))))))))),0.720921052631579,1,3462495,3462533
tctgcagctttcttccacagaatatctcgtaaaaataaa,FBgn0035155,308,8,6,-18.7000007629395,(((((((((.....(((.(((.&))).)))......))))))))),1.93963157894737,3,691876,691914
tcttcagcagtctaccagagtctgaggataggagcgggc,FBgn0004860,885,8,6,-16.2999992370605,(((.((((((...(((((((.&.)))))))...)).)))).))),0.793368421052632,5,2116357,2116395
tcttcagctcaagaaatcccaaagaaaaaaaccccaaaa,FBgn0259224,2692,8,10,-15.6999998092651,(((.(((((..((.....(((((((.&)))))))....))))))).))),1.28335135135135,3,3510451,3510489
tcttcagctgatgaccagagataagactagggatgggct,FBgn0261053,15,8,6,-19.3999996185303,(((.((((((...((((((((.&))))))))....)))))).))),5.84454054054054,4,10846166,10846204
tcttcagctttggccgaagatgaaatattttcaagatcg,FBgn0004227,2468,8,5,-18.1000003814697,(((.(((((...((((((((.&)))))))).....))))).))),0.825684210526316,5,16370970,16371008
tgtcagctagacttaaccaaagaaaagctaagatctaaa,FBgn0263659,23,8,8,-19.7000007629395,.(((((((.....((((((((.&))))))))...))))))).,-0.0527894736842105,2,16829787,16829825
ttaagctagcatacaaccaaggatgtgatcctcgccaa,FBgn0000448,25,7,9,-16.2999992370605,.((((((......((((((((.&))))))))...)))))).,4.17928571428571,2,10207763,10207800
ttacagcgaaaaacccaaagttgaaaccaatcagcatgc,FBgn0003464,1949,8,6,-16,(((((((.......((((((.&.)))))).......))))))).,1.50845945945946,5,21357577,21357615
ttacagcgagcataaactaaggaaacaaaatttatagtt,FBgn0003310,1954,8,8,-16.2000007629395,(((((((.((.....((((((((.&))))))))...)).))))))).,2.03840540540541,1,1050079,1050117
ttagagctagagctaatttcacacaaagaggcaaacgaa,FBgn0030833,189,8,14,-16.2000007629395,.(((.(((((.....((.((((((.&))))))))....))))).))).,0.0906052631578947,5,17241697,17241735
ttatagctaggcatatccaaataacgctgtcacagcggc,FBgn0050381,138,8,8,-15.8999996185303,((((((((((......(((((.&.)))))....)))))))))).,1.22157894736842,2,7929690,7929728
